Category,Name,Price
Brandy and Cognac,Distillarium,11
Brandy and Cognac,Hennessey VS,13
Brandy and Cognac,Hennessey XO,55
Brandy and Cognac,Martinellis,10
Brandy and Cognac,Remmy Tercet,34
Brandy and Cognac,Remmy VSOP,20
Gin,Aviation,11
Gin,Beefeater,10
Gin,Bombay Saphire,10
Gin,Bontanist,11
Gin,Empress 1908,11
Gin,Engine,12
Gin,Hendricks,11
Gin,Monkey 47,18
Gin,Nikka Coffey,12
Gin,Nolets Gin,14
Gin,Oxley Gin,14
Gin,Rainier Gin,10
Gin,Skybound,10
Gin,Tanqueray,10
Gin,Tanqueray Seville Orange Gin,10
Irish Whiskey,Jameson,9
Irish Whiskey,Jameson Bale Breaker Caskmate,10
Irish Whiskey,Jameson Black Barrel,13
Irish Whiskey,Jameson Cold Brew,8
Irish Whiskey,Jameson IPA Cask,10
Irish Whiskey,Jameson Stout Cask,10
Irish Whiskey,Limvady Single Malt,20
Irish Whiskey,Mitchell & Son (Blue Spot),40
Irish Whiskey,Mitchell & Son (Green Spot),20
Irish Whiskey,Mitchell & Son (Red Spot),80
Irish Whiskey,Mitchell & Son (Yellow Spot),28
Irish Whiskey,Red Breast 12yr,20
Irish Whiskey,Red Breast Lustau Sherry Cask,25
Irish Whiskey,Slane,11
Irish Whiskey,Slane 40th Anniversary Edition,14
Irish Whiskey,Tullamore Dew,9
Irish Whiskey,Tullamore Dew Cider Cask,11
Liqueurs and Cordials,Amaretto,8
Liqueurs and Cordials,Aperol,8
Liqueurs and Cordials,Apple Pucker,7
Liqueurs and Cordials,Baileys,8
Liqueurs and Cordials,Borghetti Espresso,8
Liqueurs and Cordials,Brennivin,12
Liqueurs and Cordials,Campari,9
Liqueurs and Cordials,Campari Botanical,9
Liqueurs and Cordials,Carpano Antica Formula,8
Liqueurs and Cordials,Carpano Classico,8
Liqueurs and Cordials,Chartreuse Green,18
Liqueurs and Cordials,Chartreuse Yellow,16
Liqueurs and Cordials,Cocchi Americano,8
Liqueurs and Cordials,Cointreau,9
Liqueurs and Cordials,Drambuie,9
Liqueurs and Cordials,Fernet Branca,9
Liqueurs and Cordials,Fernet Menta,9
Liqueurs and Cordials,Fireball,8
Liqueurs and Cordials,Frangelico,8
Liqueurs and Cordials,Galliano,8
Liqueurs and Cordials,Grand Marnier,10
Liqueurs and Cordials,Jagermiester,9
Liqueurs and Cordials,Jagermiester Cold Brew,9
Liqueurs and Cordials,Luxardo Marachino,9
Liqueurs and Cordials,Midori,9
Liqueurs and Cordials,Montenegro,10
Liqueurs and Cordials,Pacifique Absinthe,16
Liqueurs and Cordials,Peach Schnapps,8
Liqueurs and Cordials,Punt E Mes,9
Liqueurs and Cordials,Rumpleminze,9
Liqueurs and Cordials,Sambuca,9
Liqueurs and Cordials,Skrewball Peanut Butter Stuff,9
Liqueurs and Cordials,Southern Comfort,9
Liqueurs and Cordials,St Germaine,9
Liqueurs and Cordials,Strega,14
Mezcal,400 Conejos,9
Mezcal,Agave De Cortes Mezcal,12
Mezcal,Banhez Ensamble,12
Mezcal,Bozal Espadin,14
Mezcal,Burrito Fiestero Mezcal,13
Mezcal,Casamigos Mezcal,25
Mezcal,Creyente Mezcal,16
Mezcal,Ilegal Joven Mezcal,18
Mezcal,Union Uno,12
Mezcal,Wahaka Madre-Cuishe Joven,32
Mezcal,Xicaru Maguey-Espadin Joven,12
Rum,Appleton Estate Reserve,10
Rum,Bacardi White,10
Rum,Captain Morgan,10
Rum,Don Q 151,11
Rum,Don Q Belltown Select,12
Rum,Kraken,10
Rum,Malibu,9
Rum,Mount Gay Barbados,11
Rum,Myers,11
Rum,Plantation 3 Star,9
Rum,Plantation Pineapple,10
Rum,Sailor Jerry,10
Scotch,Ardbeg 10yr,20
Scotch,Ardbeg An'Oa,23
Scotch,Ardbeg Corryvreckan,28
Scotch,Ardbeg Drum,45
Scotch,Ardbeg Wee Beastie 5yr,18
Scotch,Balvenie Caribbean Rum Cask 14yr,25
Scotch,Balvenie Doublewood 12yr,20
Scotch,Bruichladdich Islay Barley,12
Scotch,Bruichladdich Port Charlotte,20
Scotch,Dewars White Label,9
Scotch,Glenfiddich 12yr,12
Scotch,Glenfiddich 14yr Bourbon Barrel,16
Scotch,Glenfiddich Gran Cru,82
Scotch,Glenlivet 12yr,13
Scotch,Glenmorangie 18yr,45
Scotch,Johnnie Walker Black Label,14
Scotch,Johnnie Walker Blue Label,70
Scotch,Johnnie Walker Red Label,12
Scotch,Lagavulin 16yr,30
Scotch,Laphroaig,23
Scotch,Macallan 12yr,23
Scotch,Macallan 12yr Sherry Cask Finish,23
Scotch,Macallan 18yr Sherry Cask Finish,98
Scotch,Naked Grouse,11
Tequila,818 Blanco,13
Tequila,Angelisco Blanco,12
Tequila,Angelisco Reposado,14
Tequila,Astral,11
Tequila,Casamigos Anejo,29
Tequila,Casamigos Blanco,17
Tequila,Casamigos Reposado,23
Tequila,Clase Azul Plata,45
Tequila,Clase Azul Reposado,60
Tequila,Corazon Blanco,9
Tequila,Corazon Reposado,11
Tequila,Corralejo Blanco,12
Tequila,Corralejo Reposado,14
Tequila,Código,10
Tequila,Dobel Anejo,16
Tequila,Dobel Blanco,9
Tequila,Dobel Diamante,10
Tequila,Dobel Humito,11
Tequila,Dobel Reposado,12
Tequila,Don Fulano Anejo,21
Tequila,Don Fulano Blanco,21
Tequila,Don Fulano Reposado,13
Tequila,Don Julio 1942,42
Tequila,Don Julio Blanco,12
Tequila,Don Julio Primavera Reposado,35
Tequila,El Tequileno Anejo,28
Tequila,El Tequileno Blanco,10
Tequila,El Tequileno Platino,15
Tequila,El Tequileno Rare Reposado,75
Tequila,El Tequileno Reposado,12
Tequila,Fortaleza Blanco,16
Tequila,Fortaleza Reposado,18
Tequila,LALO,16
Tequila,La Gritona Reposado,12
Tequila,Los Vecinos,9
Tequila,Mijenta Blanco,13
Tequila,Mijenta Reposado,18
Tequila,Milagro Blanco,10
Tequila,Milagro Reposado,12
Tequila,Milagro Select Barrel Reserve Blanco,16
Tequila,Milagro Select Barrel Reserve Reposado,18
Tequila,Pasote Blanco,13
Tequila,Pasote Reposado,15
Tequila,Tapatio 110 Proof,17
Tequila,Tapatio Blanco 80 Proof,11
Tequila,Teremana Anejo,14
Tequila,Teremana Blanco,10
Tequila,Teremana Reposado,12
Vodka,360 Huckleberry,10
Vodka,Absolut,9
Vodka,Alphabet Vodka,11
Vodka,Chopin,11
Vodka,Deep Eddy Grapefruit,10
Vodka,Deep Eddy Lemon,10
Vodka,Grey Goose,12
Vodka,Hanger One Rośe,11
Vodka,Ketel One,11
Vodka,Luksusowa,9
Vodka,Meili Vodka (Jason Momoa),10
Vodka,Olympia,11
Vodka,Skybound,10
Vodka,Titos,11
Vodka,Wheatly,10
Whiskey,4 Roses Single Barrel,12
Whiskey,4 Roses Small Batch,11
Whiskey,4 Roses Yellow Label,9
Whiskey,A.D. Laws Secale Rye,18
Whiskey,Angels Envy,13
Whiskey,Angels Envy Rye,28
Whiskey,Bakers 7yr,14
Whiskey,Basil Hayden,12
Whiskey,Blackened Blended,14
Whiskey,Blackened Blended Cask Strength,21
Whiskey,Blackened Rye,24
Whiskey,Blackened Wes Henderson Edition,28
Whiskey,Blackened Whiskey Flight,40
Whiskey,Blackened Willet Edition,51
Whiskey,Blantons,16
Whiskey,Buffalo Trace,10
Whiskey,Collinwood,10
Whiskey,Crown Royal,11
Whiskey,Dickle 12,9
Whiskey,Dickle 8,9
Whiskey,Dickle Leopold Edition,40
Whiskey,E.H. Taylor Small Batch,20
Whiskey,Eagle Rare,14
Whiskey,Elmer T Lee,18
Whiskey,George Dickle Column Still Lepold Bros,40
Whiskey,George T Stagg Barrel Proof,79
Whiskey,Heavens Door Double Barrel,14
Whiskey,Heavens Door Straight Rye,16
Whiskey,Heavens Door Tennesse,12
Whiskey,High West American Prairie,15
Whiskey,High West Campfire,22
Whiskey,High West Double Rye,14
Whiskey,High West Rendezvous,20
Whiskey,High West Yeepee Ki-Yay,44
Whiskey,Jack Daniels,8
Whiskey,Jim Beam,9
Whiskey,Knob Creek,11
Whiskey,Long Branch,10
Whiskey,Makers Mark,14
Whiskey,Michters American Whiskey Unblended,14
Whiskey,Michters Bourbon,14
Whiskey,Michters Regular Sour Mash,14
Whiskey,Michters Rye,14
Whiskey,Michters Toasted Barrel Sour Mash,28
Whiskey,Mitchell & Son (Gold Spot),100
Whiskey,Noahs Mills,12
Whiskey,Old Forester,9
Whiskey,Old Forester Belltown Barrel Select,13
Whiskey,Old Forester Black Cat #2 Edition,12
Whiskey,Old Overholt,8
Whiskey,Old Rip Van Winkle 107 Proof,53
Whiskey,Oola Waitsburg Bourbon,11
Whiskey,Oola Waitsburg Cask Strength Bourbon,18
Whiskey,Orphan Barrel Fable & Folly 14yr,46
Whiskey,Pappy Van Winkle 15yr,160
Whiskey,Pendleton,9
Whiskey,Pendleton 1910 Rye,11
Whiskey,Pendleton 20yr,40
Whiskey,Pendleton Midnight,10
Whiskey,Rabbit Hole Boxergrail Rye,13
Whiskey,Rabbit Hole Cavehill Bourbon,15
Whiskey,Rabbit Hole Dareringer Bourbon,18
Whiskey,Rabbit Hole Heigold Bourbon,15
Whiskey,Redemption High Rye Bourbon,10
Whiskey,Redemption High Rye Bourbon 10yr,20
Whiskey,Redemption Rye,10
Whiskey,Redwood Empire Emerald Giant Rye,13
Whiskey,Redwood Empire Lost Monarch Blended Whiskey,13
Whiskey,Redwood Empire Pipe Dream Bourbon,13
Whiskey,Rittenhouse Rye,9
Whiskey,Rouge Dead Guy,10
Whiskey,Sazerac 6yr Rye,11
Whiskey,Seagrams 7,9
Whiskey,Skybound Bourbon,12
Whiskey,Templeton Rye,11
Whiskey,Thomas Handy Sazerac Rye,79
Whiskey,Tin Cup,11
Whiskey,Tin Cup 10yr,13
Whiskey,Uncle Nearest 1856,17
Whiskey,Uncle Nearest 1884 Small Batch,15
Whiskey,Van Winkle Special Reserve 12yr Lot B,89
Whiskey,Weller 12yr,25
Whiskey,Weller Antique 107,15
Whiskey,Weller Full Proof,30
Whiskey,Weller Single Barrel,30
Whiskey,Weller Special Reserve,13
Whiskey,Westland American Oak,15
Whiskey,Westland Black Raven,46
Whiskey,Westland Colere 2nd Edition,40
Whiskey,Westland Garryana 2019,60
Whiskey,Westland Garryana 2020,55
Whiskey,Westland Garryana 6th Edition,40
Whiskey,Westland Garryana 7th Edition,30
Whiskey,Westland Holy Mountain,50
Whiskey,Westland Peated,15
Whiskey,Westland Sherry Finish,15
Whiskey,Westland Silver City,32
Whiskey,Westland Solum 1st Edition,30
Whiskey,WhistlePig 10yr Rye,18
Whiskey,WhistlePig 12yr Old World,50
Whiskey,WhistlePig 15yr,80
Whiskey,WhistlePig 18yr,95
Whiskey,WhistlePig Beholden 21yr Single Malt,280
Whiskey,WhistlePig Beyond Bonded Bourbon,40
Whiskey,WhistlePig Beyond Bonded Rye,40
Whiskey,WhistlePig Boss Hog IX Sirens Song,155
Whiskey,WhistlePig Boss Hog VIII Lapulapu,145
Whiskey,WhistlePig Farm Stock Rye,30
Whiskey,WhistlePig Home Stock Rye,30
Whiskey,WhistlePig Piggy Bank 10yr Rye,250
Whiskey,WhistlePig Piggyback 6yr Bourbon,14
Whiskey,WhistlePig Piggyback 6yr Rye,14
Whiskey,WhistlePig Road Stock Rye,32
Whiskey,WhistlePig Smokestock Traeger Edition,25
Whiskey,WhistlePig Summer Stock Pit Viper Edition,25
Whiskey,Wild Turkey 101,11
Whiskey,Willet 4yr Rye,19
Whiskey,Willett Pot Still,12
Whiskey,William Larue Weller Barrel Proof,69
Whiskey,Woodford Reserve,11
Whiskey,Wyoming Whiskey,9
